token_id,conditionId,market_id,autocorr_lag1,p_up_given_pos_mom,p_up_given_neg_mom
100002081885034764764213898281586264949106447006157783140229913208847078409267,0x92f5d3c973225f097d4ed6a3416fb4dd6e6b28f2a0eeef29971d37996ca14a5f,573261,-0.03989310696379088,0.2962962962962963,0.4090909090909091
100040869651573271331484497952245727226776606063582955576167126233747725301906,0x07094b57090c2c10fd47fed6a9f7f18b7692fd617b908e515431eb7454a6fcd0,548874,-0.18145655262404223,0.3125,0.6666666666666666
100428199494628337295259321324046095656837987820371507353482218279623981022142,0xdb4c9be8df4f83ccfce2c59e6aa17357324a0bead6b4f154aa562c701f521192,596148,0.17283138885463736,0.1875,0.4
100589474009247278549441489018415317202468532380011595586097348481411519611900,0x00cba2a437e0cb3c5d3fca0c4bf920104efca53e23827c726778c89a74890ac2,616761,0.04660990660335935,0.2,0.42857142857142855
100604684340378535845842646815185599210896075956282154254010772088055328803344,0x7583e8ac3118a7682fe9d0d45be6ba78769c98a56db9ab2deea936d3dbd8b7e5,526707,-0.0756912588524366,0.058823529411764705,0.5
100683491760254136284678121553892497374811376532638571161212001933094212528526,0x33a257f2c5256809aa8bfc6d818b3c7b88ab324146171a0a6a7f473e79363726,533594,-0.7486640086398139,0.1,1.0
101199113187358764285200280071134952125529042890326681475222872997261054015685,0xe2e39330aef554f26cdb1a251ac3ef1f45d40ddfc6354a9e992988180d443c9f,589582,0.4775243573598805,0.8,0.5
101202698291731623234343413657942745125030847840068639447346379976337209185856,0x46b20e8cce1e6f815bfa6ef4e2fdec4017c1a1892825f5190aac024db60d551f,516625,-0.32965408534280505,0.14285714285714285,0.3333333333333333
10142872462975275995759595767341515402450823584364917228661247714894341308969,0x9e56a92abcf4996105ab15ce5612742bc33f4b9097bb6a4ec5f1468e6f2580c5,538931,-0.32365509337387355,0.0970873786407767,0.32098765432098764
101577291509665096520416235797040748854911003946110483152946618674601588197649,0xf979ca0bd02877be5420e2f43001598334aae2e2a95eda94d001ffaa7b9fe74e,551896,-0.41648229651921714,0.47368421052631576,0.46875
101615509525003927037327559942931988249201938962657209744355801307747988963354,0xcca9cf39b58e258061af40fe6f433656a25d5251f1e21724b45111396586bf49,523483,0.7164900911522346,0.8333333333333334,0.0
101872603334317946423222447986037012233837395744236940156452909862071076176500,0x96b25364db89912998c4d5c802b8069a4a4168d4513d65fdc7693c8c696c40f4,545512,-0.6408012221262723,0.375,1.0
101945067654616081787858098082977505142122244293668844495426015814043935632878,0x2f9dc0fb90f0e1fb5944e372f50f25032d00f14da6daeedd042d11056def67bc,544619,0.3166998199239247,0.46153846153846156,0.0
102193145652881065440321813362371870245516373802759629226357230883697994767800,0x8707d91e34d57853ccc29e49423fc3d724c062b15fc00ef9943d55813a8b7fea,614056,0.6211078499458562,0.18137254901960784,0.36666666666666664
102717039453623659974177091352103016643954726486882538879796504216481619498182,0x3590d080b030a479d32cfdc39eb16d5666c70b32326bee61076cfa3372d0e145,580084,-0.27569815419818816,0.09523809523809523,0.35185185185185186
103080981582768904338920614609554736603353779152335008755501575219126604056364,0x2bb22d79de72703beb4597dbc2b3f1198911fac256acf0df5a85c2c44e627417,541235,-0.031186326750094317,0.1875,0.5
103422714010385564039975796427388899807511785840985719253584875119121600906814,0x6d6ab2b32b44bff6e07e0025a8244f72d2436c57847471f441203448bd15c3c3,619236,0.27114379933892857,0.42857142857142855,0.6
103826006277985961364655509059589687078633387981672266995025947735443179367285,0x64ac31f14701d7aa97e9b3b245be8b82408c236126428ac3e30a6cd490ebdcec,509364,0.19564789346625183,0.05198776758409786,0.2857142857142857
103882436506801136593326948321141328115642786468900372006483558306419734900882,0x71664339c00d8d6c098ee0c23b2bf88d2d1f1dae0e03e281b3ab36f9f8a5904d,517051,0.8171196524287502,0.2,0.25
103926844179891542772289173272102852147077937813761844771564491561130287623498,0x4678f163f4ca5a6a40735d14b50f3efb0b56afcb1cc6b4c3ef02f02e89af03a6,510472,-0.2716256390786371,0.5,1.0
103937479307936515100534442448013272504078923445905858719759010487520807527357,0xa1b8b63216293f86e7d5477cc38183c8896f34bf3589dc28375dac4b9aaa1c61,626333,0.02634135725324573,0.0,0.2857142857142857
104098234431400442630226860986457246272856093555651560948765701439294955926803,0xa2daf7ee815c40b35aa15b0b01a4e4b0b235ae8453414fcfea64addcd3f57645,527170,-0.4150780558182943,0.2,0.5714285714285714
104251038288085993844604707247504375360619342845002964196767965424325933630029,0xe96fd4c00a0831bc176d732b930f82ce9fdb109bc666e082c95a9cb01059874c,542079,-0.16436548984504867,0.06461538461538462,0.3469387755102041
104422628167008936761369987037644290616132270285833438344290407852434763283031,0x89f0c865380f678336c390ddc4fe63bd14b77852d8b84845b315715c73a41bd6,567030,-0.021857143147835063,0.3888888888888889,0.3870967741935484
10460714365228141125793617694329050272625133254759502758143607039044857530352,0xc26b4fd76b0b5546bfda17f4303a026d8857fb0780d57715549c714c9c0d7fd9,508799,-0.05871015873566349,0.2420749279538905,0.36
10480557932754801952901722188338620465662642795806845913202412024006764348940,0x2d21171331eb7efcf6b2339c1e4e56ce176803a49bd1efc007834c61cd6b735a,505050,-0.03285195793368584,0.3,0.4117647058823529
105525596501812978985097103752801060044671808528211116881467574707861593472810,0x0446c9d858fa331b5b27ba2669547cc067c5a1251702553ce5985758cd36bf2c,624116,-0.18504537000090032,0.3333333333333333,0.5
105888740298190795449885215364457189366822366352477031281128739331063747669998,0xffb294fe46fbffca78d8da2911546ccecbef13a630c3eefa28868e3cace2b487,518272,0.00487153600492392,0.5714285714285714,0.2
10591434102242932795320769477331610339896104266217909585318852328546742067106,0x60ac05f14f9824859b12afc6434421591570803a2b6c52db442da18c4dbef765,510559,0.44790603179992067,0.2,0.5
106267016818390990467432743164748426440824728856301829770608039157252743527443,0xebb1a8ccb537372d0a5c20988f81a283294e2bf6d3916d2cced959d586f60fe8,539552,0.01904083009157135,0.1,0.5
106298236164008562534604390395715645128475251705005510677462068835678579017372,0xe39f92e22bd55eb1a16e7ffb6d2bd3006c7d2bd6c2adf5a34b4fae7cdc511330,531998,-0.34925364863982067,0.4,0.2857142857142857
106392408513986337722833599976766676162404294030333346321576753902053034568947,0x4f8f8d8c90f5bc2b0ed06e961b5fc9ed3fceca912dc2e242a38927407ec04257,521570,0.09030652619169788,0.17073170731707318,0.32432432432432434
106821800092553954546170515302886884490552517479780177525582862127892859979129,0xfb73e91d542922421521663a20c545bb197162698f2f823694b49d3132b6c31e,583490,-0.23340778978423446,0.08270676691729323,0.18867924528301888
106907719890059874709843494786108306381458282312851593057692492886393059397990,0x5d89d541267360a72e0c7a3d4b81e45c529e93ee4b20f7933bc2a155ab13da3f,595130,0.0,0.5,0.5
106917128897455716890373771405775705896850510866796696730975017112511917619824,0x01bfd7ebf060e7dc88e8e862da13452e4ea6c5c25e90ee2644fa17f1e0dc2c55,545553,-0.34619385792633245,0.14285714285714285,0.0
10700522537445996551179032739257352391022506688053220639921437626185012839967,0x44f380ed619ad2f56f7772f28560eb5f5b35a191d1f5fdd867c0f1685d7096ab,539023,-0.005663601252102732,0.046012269938650305,0.21875
107011144135249172182431571370477078594041599201227002056649147915469736914367,0xb066965b5731db14d2ffda9ffd871d2da25963e6cdd1b9545991ae5098e17335,585495,-0.14730645078687557,0.25,1.0
107314399864619196237519935256253152287902153401156343198075757822734607466595,0xe7f656485f9b2429a7ad22acc1756a3e205b6eaea76c00704bab8314f3bc6f11,619942,-0.17634680813097237,0.5714285714285714,0.4
107753774224203769130147553100021647266505406103101724266300142469353923873069,0x7e8953cc66f9dabfe80fb0d1a9284bffb7a293f700b21027261fade58a082d73,525362,-0.17636597664513037,0.13648293963254593,0.37209302325581395
107807749764610281781590861454543543667360365324151622276670671167069705000901,0xc018e170c73a4f04eb64881f35902a4295d1ec12248477533b559e312a472f2d,599402,-0.3684210526315793,0.0,1.0
108056644135276477142144257613954186530794447667751473435676423027246352707343,0x445d5b2f237a9df9fbe421cecb0c753b7ea7207e3922e2f35cbfeb9f320d1714,586336,0.22845464266385218,0.4,0.6666666666666666
108406296682653235008972951321872750723965338962969649503974559294338092379987,0xe560d78d857b2a972378bdf27ea5de0dad811d94456204d19224723473459dac,604271,-0.2546227738098922,0.0,0.2
108701170291851552911207782309457477643452734232343197107602679019976567398346,0xb8ef2cbe61f2832104bfcd61f2b2b2b4b534531a5cc9f92ed505dcbf42027851,531674,0.0723320104391518,0.5,0.5
108937726553880456138820682317572490478830610688697759838678366826443575445358,0xab461e727c894358740c02ffc86d5e396c62e96c590f70235a2a7517da1e679d,625236,-0.18302508897962746,0.15789473684210525,0.5333333333333333
108999723207897941876452935557011604067917389120996960199512481363958770540884,0x84f8b70331323c2fba97d7ceaa9a35fb645a0770d0dbff169d07f24f376766e9,540820,-0.2999931836251506,0.16780045351473924,0.34210526315789475
109623042501540959901809030646474498131982507773687694255350594737197522358611,0x69d4c886d88c224bed895bcd78cede2b4de8e57c0afe5b0e0c47eec16613edd5,563717,0.11306893767301232,0.375,0.27586206896551724
110441829153874576209601671580473086750523463950938369790025724602506764401198,0x88fbf743acdc3e3503b5bd54392d6f8633d6828755d6006dbb86776034fe1f5f,574590,-0.21354817413750804,0.4,0.5
110564268821905910569142785897019957081176688378409274842215508774502080737780,0x9d40868ce18203da633f78482dbee4c9fb165e9461293a48d0e220001e7ff301,574061,,0.14285714285714285,
111313814306331896798520214179515310438422609219643578604840796847388711699347,0x390af378ba7ebbb911ba1b3f731781ad50f516fc115d1a7462299a0761a31dab,607838,-0.13926707955482345,0.2,0.2857142857142857
111508339943229721359392534382330088270573673506287816463061371512799426896198,0xed093827f7f0406d830a6d09d0b46502a07f93fd6cba2794f82a1ee0b24294cc,552331,0.0,0.5,0.5
111951333470604607169743827991122685915013994504225998796128809418694744924168,0x3de2d96e32cd568c06025655ccd9141b573ed35eb8b1ad6b5d24116b8cd40080,568348,-0.6422510551851555,0.0,0.2857142857142857
11220906815842210382527774678600733809922192803284243336547216058966164257542,0x89018f9d30aa7c198699ed174d268985f6f4b03be414e81261a9191f9eb3c747,530057,0.21615303268891986,0.3333333333333333,0.6666666666666666
112309912613715495570247107147547816675166610857952790142401944001375880351414,0xa00380e160d8e25339ff7c903398efec8ff36053736ba600bee78800bcc0e165,544727,-0.7242990875031603,0.14285714285714285,1.0
112459491131567284268665152197654653262554017341356547090712777304799269459419,0xbf6e9b2b62f59247bd369dcbac634c43a7d49f23d33fecef4d0d01744fe5583f,518636,0.014433515099696103,0.16666666666666666,0.4444444444444444
112884576667587252160489641788575220680261884421668363994639237807417301913940,0xd9c2ff5babbfdec9fc34e8caf2e80be083d87838f2b57f1b76a82dbb9be7caf8,556092,-0.4427005858407017,0.25,0.0
112904550985087201835947561112020420310662286271201257550883510325051549708421,0xde4a248f190427d7c260ccfc62eeba7b339539b0f566a93eb99bd3762effb52d,528027,0.6121756591803782,0.5,0.3333333333333333
113072288910685986261649984044866537407308861188131110560503769807722371837598,0xd5657ba2177220e9c82dd4061e8f97a47cc838490c3782a70577ea30ec2c471b,523050,0.011889035667107207,0.06896551724137931,0.2
113136757439332084444233146713537135041378105311885724126453993186383881622846,0x0876ad8714c99c1cb3ffbb401b5562f410307292ec5acacc6d540160275f6491,586279,-0.36157928947736895,0.2222222222222222,0.5
113203887714096327558065232336925880401720156765835945652897061242046857263741,0xe55ddfb168edb8044832a3a0b201b923fe5bc7f88fdddd2b27427a453022a337,527057,-0.20427575802901493,0.07331378299120235,0.20689655172413793
113366463479569155631696465432165155258703076301804957561923674179816736135520,0xc0d1bfa75a233deaaebfaf6440b70b148343469ad28ed817253b1e0239fd99db,531543,0.44386973950613534,0.25,0.1111111111111111
113510437353644409633508189822573425874424701624155941947268727099156511469855,0xa6aa2586cf605ea29de0620316ec6eb6b86ee47def2da4fbd14a15680ffb2c85,514192,-0.0075809606417915,0.1095890410958904,0.23214285714285715
113531981312576170523994237319909854835276981475778321094364635341829607742739,0x42821c7f1f02e51892ff07ee2f9e50287b5f267ca0a5525ec8d08800c650dbdb,578929,-0.06850623852391177,0.5,0.6
113686207544735667553126374466353366324133675001156552268073408379380386925760,0xf5d297cc824e91f7ac25b635cd0f6435792e0849f41795d5003cfb14d0c08b87,571884,-0.47797475114112314,0.3,0.5
114287404204273872730046880202515948389800328972221819558801335858115927428496,0x2fd3894fcec23711207ea3ab6dca8d78b1e0d5f959c98a4d3f63465638fbd56f,574505,0.0,0.5,0.5
114421406446640081487300964810591531168292926542208517622496450769177764478812,0xf361d88fc68c9ea9450e5b756d4413b253a39d85ad1dd4a5b8bf6f8044f8383c,586731,-0.12836684382086896,0.25,0.2
114451132986121380258011011205070236598405496843306002898598495579111487471261,0x123b3f72abba3f6e8c3fed5e7a47dce9cf687703d25a1dd2f2f722664c020c7a,528736,-0.04268608679120908,0.16666666666666666,0.6666666666666666
11580115541037859144528297955052730157224940363317273995038596605570740491509,0x0cbd28a6fac43d623030e6108382f5cd2f7f86a8752ff58882170801b88505a5,546956,-0.3952612424241549,0.0,0.2222222222222222
11749376909534825080275657159826476953759934673467619761607187557383852388516,0xe8d935f0e1c1434382bfe26ed05d9f21a2b177c8c879a7d914cb96b2071f4692,588895,-0.48278319083791577,0.5555555555555556,1.0
11756727241837052694516439750921739016475711599088980199736164187216923027931,0xb857c3afae5fd6d6d51414879f3d186b633347cadc4cb415ac1b93013f3914c7,557771,-0.08312774527317049,0.625,0.38461538461538464
12019517981268637273319639751549222572423786358754492627124524700232763744595,0x8b77d0e158f78e6d1f4fced04236a7c99879b9121437b16bd81a769fd57bab7d,576482,,0.125,
12311267834520578986013175569852282301948610341634073909057478759891088632170,0x892380269e494593667db267d711b44985b197a8f316300d9ca470257ddf91a7,553553,-0.3564460250691707,0.125,0.6666666666666666
1243640456475222950398738447670057007354932829585212383431473278918945288993,0x532b5bbbc351d6ea393a8df7b363d01a93ee7022f5cce169c192fa181b94dbfe,575727,-0.00793196351840781,0.0967741935483871,0.0
12506959817446664300887778888460306260758947572613586688347269799946174021284,0x3711d54a1c9b33af2e4a840ece296aafa11c0008d16dfb96e67b22874c7ffff5,539877,-0.3397453086289576,0.05,0.2
12597673220747974873263512274441243235889830406942405462558712612915737681453,0x6b5515602b39c9c8ffde8eaa3c0ccf3702c584ef00e6cead3d08ee87a0205053,585353,-0.320103082638949,0.3333333333333333,0.25
12697092196342893762062386796948785594082098642471553135313474542901773235724,0x90bcc17bc877738cda73ba464388425c2c24c059dfcb273fc3ebab7728735ac7,547441,-0.3021963267167595,0.0975609756097561,0.23529411764705882
12925302528572051937121621469474586949815320762274694990076017012854347393129,0x9589ff7cfe8910de938954c6babeba8bfd4d482765d229c109327d4aa72e0b59,577336,-0.6733753734272153,0.23529411764705882,0.25
12956017135950701685172730965824646689955081742602945134650531650497678136963,0x1005b539da67048cffa325a295840f03eb8b1b83e6b3befc5599288ca63b0b2e,600527,0.16769568925107944,0.25,0.375
13622548646841077065480017728459980575348412704326111859683029029004642417433,0x91a1015ea7edd60495b370f1389937bb6ad04389e6766d7237bafa523e92728a,591288,-0.07481943749533145,0.0,0.2222222222222222
13720586354918582359057072118562754754234054812860023002951431991343401573624,0xc044969b32938e2b4a794eeef8a8cbd093051a75b6351f379e38cb6d7f917610,533773,-0.6849421492062944,0.4444444444444444,0.6666666666666666
13999755794384895040453949554710661305887921210862358246220916285444442513012,0xbd4261a58c54a623a3b45d4b023cd82391be9a59fcd612f108fc19882858c05f,567072,-0.491332295128396,0.2,0.375
14136420054085102459819116241104662670389547591686161297343614602257674073967,0x4bade5a272fbb1f73da595ae81d8b292215af31998d29c74514be7abb9148a3c,542366,-0.028309764542524977,0.21052631578947367,1.0
14157188373551749210119642216809487138474666286873499723928609296035728465917,0xc26e32714b67e0fc4c0a4ddbe231a7caef66957ef4c71c17492dc52b55c09498,532864,0.2391430531601585,0.6,0.2
14396269754312517658248221942583514341218796747589775010403456366611445660051,0x9e68a3dcbda717d41b747cc94962cc23233f1058ee0c8e5bf6e319563d70e471,555098,-0.001219080770533993,0.16666666666666666,0.0
14547545471299056457182146305732002777585218806416895841173901224739668850202,0x19ecca7a34f32dc88335202882783f28fd372ab53b703485fb4cc0dd46537b0b,564322,-0.04933841240757912,0.08490566037735849,0.3076923076923077
14907120738234217422943660492872234827362659351235012493355220365716660191974,0xf888c6398dade6e83fc92f4f476dad3f66a288c9192f238717d350077b2f6b1c,538725,0.02269871218579252,0.47368421052631576,0.5714285714285714
14931394203690369349396397796615603825159109897952799158826264929148450431716,0xffb9567be9a8361d3e842342121e29f56343acadbd82dc751d0ad5beec8a4145,574938,0.07442676946274854,0.5,0.5714285714285714
15075296827223408649123349148285838188168129933874406593237424347802724716485,0x5bcc643bfdc14b8c672cbf981c2464dd3e889eb398c7298ccf6eff24c56dcda2,624654,0.19277971232218244,0.34782608695652173,0.0
15392404587993691805462710353059100845405341810586663159649903272350144409507,0x2df955419b2d5f61410a89143811ecda534498e5fa2f4338736c398691d06c8d,566718,-0.28270347778776767,0.31443298969072164,0.2265625
16585352444257925982512634649498935330344674595406163969255027539829615314206,0xe19579a3820a96f1cb45323f4b9cc9ebfc9063267848f3e6f48d09a29d967b5e,532722,-0.041358647487207724,0.23728813559322035,0.3548387096774194
16730461104703994020796836110865310774042519298977797472024964525555520793591,0x0f612bfaece8498f744fcdf8cb93a6cbd7a2e9cd118dbccb5e728fadf2bc3dd7,620310,0.24209341534606008,0.14492753623188406,0.22448979591836735
16783403789933052491023921285062156909613666529300949199977033745371295316371,0x72ee6370e96a7e0502ba89a885ad0c8dc2ac2ce532fbe0521bd043c12e9ea1be,535327,0.4888072998610316,0.0,0.4
17056342189696805227838063358469109799494586153838614463978529176907868083421,0x7868ba97e29ca4c215a8291463adc71c6ac3aa9c497273c5e3b298c6ceb2a535,591284,0.03159611724097329,0.25,0.09090909090909091
17351796182937512306795031492007250356759019633760755530075500416483643465168,0x56848d4be72f57f7b44a1100a3c384444b5c4b39528827f112ad2465a35f3e94,584271,0.07600505477906623,0.3181818181818182,0.6666666666666666
1748470261285516435306172421469516748320767141265071669032301748617457922473,0xcfa974e16b6d48245cbbf6a21d834ad99b0d9a1e80d3fbc8a21bb75e196cc915,625165,-0.3817921389008404,0.18181818181818182,0.46153846153846156
17501698537127044883384595462822190597101442456461827635091260935535003448656,0x01d39642546d35fb6785f2f9ae5deeb2c2bb264fc2afdb914ca1f8daae2ff078,577971,-0.3046833500646586,0.3333333333333333,0.6666666666666666
17557059435051541474525357291580272514906176093987489804038155632144166736683,0xdd33711b91e86062e49284d55f73ca4645a993abfc908f2ee8b3b3edce57fb61,615892,0.31036593327841305,0.5714285714285714,0.6
18584408313755039849473519715088592614946439233711870857872658970106538771725,0x8211aa5dfc7351d918321bff5c7b87427e735b1c234002259809c70c5c9af2cc,517195,0.3183274227704618,0.5,0.3333333333333333
18713961174027141337999193120533048188059046104811950009747516618131468320236,0xbd2fbc26508a2f828834d25da42046cb440d4efaffdcf071909c66d6e75ce955,579974,-0.08736471591542673,0.0,0.25
19023705721109265550867926135572205187673441654561573359614530915854220999510,0x5593ab3d7932bb045ae63936bdd0b6e7c4af7f1ef8a45597f6a88f16d7ddace8,585322,-0.3809143423519244,0.2,0.42857142857142855
20001439590987992206383488043230622393231257199107117137832868459086816075648,0x8a1c1646502d93b9ecb5420c0cf99f893d6b5f3228c8a0d3fc8187086d9e54cf,512906,-0.15508438140853975,0.47368421052631576,0.8
20060831063797567620680754539771817717968703144228152044384910517274228920142,0x78cfba937bd6acc7cbd429b293661708a0ba7e9518230e2ad7b9c3d0f59d21d4,621230,0.114798533159634,0.14285714285714285,0.0
21441347112188363284949181293442595147347932451774570120890678453767249538939,0x412cee64c18bfe38feee031555c6a9a873ef0070746174fe9c1e9c59f860b07e,555733,-0.35042977022540117,0.028089887640449437,0.0
22107281102147528803978367654319358542718490215991786111873509725002291944247,0x55917131502ac2a14e686f1a1b660811983043f1b9e96a3c6b57729357cf0201,517768,0.02764307019398385,0.3076923076923077,1.0
22506226899621737305229356931226439122541637510914820767772827431684917612981,0x2dfce6cece7717eb33e2729c3feb9b59302d9dca2bae2964505c0f2d252c98ec,595389,0.23004440382784297,0.5714285714285714,0.4
22815283647020992305890993804972384333190388990676764288494008858158631587152,0xed9a5f5ed71fad5b4df47a7f3632bbcac093a7c6eed6d4df83edb26b89262ad8,595889,-0.10627297032146965,0.14285714285714285,0.6666666666666666
23229796667133954916965783453100106708375246693805462651071958379589679192793,0xac2a3f9df697d464839d028cbf6e20dc038f74b36e256230073fd6d08deb1d6f,531901,0.1269141464180627,0.23076923076923078,0.3076923076923077
23398264377804172437098282218849607221629403669997324207576560330482526436203,0x0629f32524280e3746d7523369f66728f92cc373076f537efbe66a28454b8a3d,580022,-0.048613550833732956,0.12,0.32727272727272727
24464287059144790964921132647430317534423993030551328702646389061037972900004,0xd58512cf94a0bece389afb6a955dde2cc0ffa045b7848339f14de858e052048a,608401,-0.11279732101740292,0.0970464135021097,0.21212121212121213
2449399617916518755567019362770113894342348527591317624414064952876450975466,0x7a8808061765dafbc64c84872298121659a7835b4ba720dd8517d8b8eaceccd5,594318,-0.2221360214221961,0.34615384615384615,0.5
24679423929826966762419845185411609976620424101984143287581201426603531679412,0x67a25b6a2da0569cb992d48fa4505c67c2759ee25e08b2fdf61b96ffabe388f0,601863,-0.12189589641001432,0.12857142857142856,0.38028169014084506
24749410873901957303453821296847523885493629757733977569591000314402468209322,0xa0ab8b4f68857b853df5946013e98543019b46affecf49da44eb43a87fc7debc,541479,-0.12785194717223808,0.4666666666666667,0.375
24833677392597285782473628533199316915380495949518408596325162556704029646355,0xa90ecf624042503f65fe8c47407166c688d93d738812ca4c74e259e14bdbd00d,523122,-0.02106658385677819,0.2222222222222222,0.4489795918367347
25341093992001810624764283763545932237886552373752624703048107521004529792434,0xe47f2dca590e12e9df6490a531b8f756e2590b53fe9a2a6d9b00f678d4ffe442,533626,-0.24127419244783702,0.32653061224489793,0.4074074074074074
25580740987492886883518432798453871633922113581517179900442728917191389612455,0xddc33977bf38b9a64b418286e3d77f685ac69bb1dd49440bce4d68973387488f,586502,-0.019921952604367105,0.375,0.5
25872888578899655034409921909596322222691039153502047662044381048345696660306,0x7b6200e365606f8486b3291509889a0efc342129f747fc36a1cad0890a190fa7,588969,0.07676088997023194,1.0,0.5
25928557133242225469220206902510277094917743951566930332463931783238732117909,0xeeefc8dfa10273c99bf212c64718aea28a79cb086b94196111c6b70303bceeb5,599881,-0.7610201724299872,0.0,0.3333333333333333
26814499255073707974613564877675487513949897453912909322287842605694065679871,0x205dc049ed38c6adff24962efc419436412b8c11df626916820e4a94d34335ab,595434,0.10722939890555061,0.8333333333333334,0.16666666666666666
26902523306395772115167565659636530292617025401720215067513155792910663031336,0xf3f6b3679d1126a046dc6ebd6f6c138c614f220ddf345b75e16fa38fbb8a382a,581159,-0.0936581450096747,0.10596026490066225,0.3333333333333333
27662478650690466914917286698995636030802066940065030073644210882293240813240,0x75a1964e02b8e992021a8d590b81603577d5c0c88b8dc5129c0b27f5871accfe,547902,-0.5611538786436403,0.25,0.3333333333333333
282019140797602278131298373385496403362683427165818559672683637216957937215,0x04d9316c396f16bcfdce03fc36a93f6e1b6a32ef26ccf15d9d49afbf60d31aba,574192,0.0,0.5,0.5
28340674174667772363693908772807610830163697686159704289352221741462849981814,0xbb4e64eed9fe57bd39fae5edd336d9a7d2b603f620c71a6d54ed75db315cdf07,546051,-0.1934037908118894,0.09090909090909091,0.0
2835080570092500066901076379416037420059969965829232549442775789716973141939,0xbe12c09b3d457e07ba31abaa4160cb0bc1c16599dd034fdb9842d3e17bfff354,540269,-0.2954072067063813,0.10823529411764705,0.34523809523809523
2854972217416636797182085666938284425440092511422078879858765485035555516585,0x158a3996de646395267011b74dace458e1def5f570abfbad306da2b4c999ea3b,617095,0.10951284820657436,0.6666666666666666,1.0
29382618503075127282922684704273105921393494184365260739407404222173103492769,0xec945970095d6e3ae85366be5b64bf8cadef3400b24affc466819163804d9920,530723,-0.3487263888543405,0.4,0.527027027027027
30185988332903764680463534817166983030964216415209871054026821359944597935357,0xfc53b987bb73eea0705fd7b13dd4c61371953f992e1c10e3566479049fe8723b,529277,-0.15347984068736897,0.15028901734104047,0.4111111111111111
30446500944855991425799113704874219430549545206855375364226356728828871037552,0x231e2a6bf0faf0dd49767271c58091559a3a105fe65dd822c1d4c51dbed7bc85,521615,-0.5472703329436266,0.4,0.75
30598013034351043305633172205800441453486045112923826268000667939444530956720,0xe335b92d0d7b4b36113f443c98d96a68be3b8f3469cf55e02e2ad38329971a21,606608,-0.20673046761155445,0.0,0.14285714285714285
30795658811465818350603149368271124837740727548528338545383887670766321348528,0xce56c5077a15ca8367aa1975fd506c91d3093a334a728ad6254c60dca3ba317c,525247,0.2263898770807226,0.5,0.25
30975557440897965463594638579382903857213181766066685710513455689142042061651,0xd765331b1635b97fdb370fb09109908fed3db7612c51e73db1c8e5bd01cce343,509436,-0.042465395157148235,0.2,0.375
31051557576548596578489049500124676730505309920770566897950943791842429345048,0x55c59cf77125474a20fc7c94f0c1dd4ce1a8d73e28fdfb2bdbd317ad3555e56a,581738,-0.15781741070556723,0.2926829268292683,0.5416666666666666
31099629075820698807895713775990809529552154528991714518100777335677654774058,0x4086e50febbe11f506165b909d973c8ed2db1ee17ac1da347a6de18a3f8d174b,530836,0.11218916102272351,0.034482758620689655,0.09090909090909091
31347792824664718740497920109676575003265293217344492857897082400173220460350,0x1dd2e1d21314175de8b36e7f0671eb1263cfe04c23b926c49f05bf5aad4d82d9,532833,-0.17966501015989064,0.6,0.75
31554937600285828730261655096446973987573805329641866532840928161872090843610,0x20f0f23f57e9ff48d3f2900ea71164735b3eb72def1e9fb894d3fb47b40954fc,595376,-0.2778385037233526,0.0,0.2222222222222222
32159330253548347101627381563544460899911253567847672437119689222448544793941,0x007d96e86168e3eba267690f04492b5a3a0250970746dbbb17266a26e8f84ddb,516641,-0.30439156206588297,0.25,0.4
32184228881213130267736991439419953211675861245626434988887337596174071361167,0x59db24189a32fbdbb9120205bbb14eadd3db364867f0b77c265ef8ca3ea4b869,561689,-0.2958178367536347,0.28,0.2222222222222222
32411122590704859065823861492563577377851319992375146139472119057817563484399,0x80c62c791acb22a80cee3d9428374cec42fd25e3991bc59b40fca0abf29b57de,586736,0.11836872368650236,0.14285714285714285,0.5
32518938750981664982711024918060567718811961011550164291720723227669763271387,0x6bdd7955df11675badaa36cf7ac83c758da9c845b0b21361315bcf66c7522719,530043,-0.005352342391395451,0.6666666666666666,0.5
32764478639425657850646870373478726105151390333875814651493700866465553487907,0x06cb39e68085a069001973156b02ecc77961e9edd76f4f2f2475329413118a66,575527,0.1369500695588024,0.0989010989010989,0.19444444444444445
32863776328208755111082658197447570391415482257465623756257753869941177062915,0x736f5563b7b183ff100b70de976e1401b583292f4f61d7607c000e498b1b61b6,575622,0.3535533905932744,0.6666666666666666,0.0
3321792988779415041147592524360814767628586545886283293854855495623548754516,0xf4c1021e364293816584f1f73d5c45d03da5490570ae4d1c7bf304b6a02752af,516869,-0.07493022043045318,0.47058823529411764,0.5555555555555556
33377494075138491736439781819703260474502170198015969734211343860633258602171,0x04abf872edaa40b806452bdcc9bea6e5fe1962d98d164a9ddfb05e5cdfff37aa,512785,0.17293221151627877,0.13333333333333333,0.2857142857142857
33802708210082706058433375101240077601032153783931627853478040041797029713667,0xb7d71f135761f60541ec3793e0a91d03e062faee67f826d9e55dd23b6a16ef81,616488,-0.027230611755310663,0.1,0.0
34035142221712364354899416126623416304962260767590062792033879920204802585564,0xdc7ff8e7d1bf22e6b9f372b3122bf553ed7bfedebc500e76e61aab35d9ebdb8e,623939,0.16004692654300914,0.21052631578947367,0.27586206896551724
34338874644144436067667286588727246479929892197124612707602273451462173557398,0x0095cbd1b38dbc40a561f9d5c458086fb7eac150abcfe8c81fc18f2e9575183e,532754,0.15229495192656808,0.5862068965517241,0.28
34455877990676363098731679545054150177037619500037747310502946553539098920547,0x42570e2cefd9d65d17206a2074a1af70dca4df8730a16c7419aa29604633a37f,608807,-0.001955061301297061,0.5,0.5
3450467055781188674667026247873720868358658867907916057842828837805582031292,0x0f3bfe51afe5bf125c426a07855633cc0364eecc6eee54daac9aec61ae403c7f,525041,0.05814200978307446,0.0,0.0
34551606549875928972193520396544368029176529083448203019529657908155427866742,0xdcc87b9ca36015e396bd0eebca29e854a136ed2b0b701049d1ee9da6bee3eb35,572470,-0.09990316417068137,0.29831932773109243,0.40310077519379844
34734609468385336626623498338776234746130023547901192223140627383221037969226,0xc7b2e5c8d4a18e064af2fc9f59a12e211b7e9a4370215069d0b482e1af81a9b7,518823,-0.39265793462297277,0.25,1.0
3501962037612856664558741533232920059637840414396181841927327221768545369948,0x97cd6dfb8f84a7c3bb1ce01640f9d179edc9459655efeef69ab7828eece88084,569783,-0.08844055345077902,0.375,0.0
35253264398255996259398334298649019289757768039981290055339641177696213005086,0xdc11ef6987c89be9faa1b704d7c75b529567390792efd64af55caf3fe9ee866f,538215,-0.09924684130025375,0.42857142857142855,0.6
35505467911026608816860839965043360827935539559509785155661753730982520042306,0x9c99707eb18ef1fcc485fbee4f9cf7c7e3de28af153ff968952c4f93187319b7,505269,0.26493777343100555,0.8333333333333334,0.5
35529587515941675634495366349323385969114567226853854444546651266006886055839,0x991fdd8236ba68e990b1199c60045dd84d3e2d21098b4d7feb451da2bab9025e,617594,0.26742455463277465,0.25,0.0
35719427673643742053219896882803164391849664236570220554876002937008519241850,0xe9aa1dc853b0280427274e950975974506d9e5f4f5bc897f3a87a5d591e964ae,583578,-0.04191148717685409,0.5,0.3333333333333333
36123545179193673891215961351321844865486928056593901443422813916069415340882,0x3e2976ea24b1afddd8ecd8e0a186ff1b42b9fb2655f5a50f6fae4762bd5b9a49,523908,0.3221133692281079,0.3125,0.3333333333333333
36214643320735440078665942036301902590981448827526799623463135043460608035672,0xe64c5c3ec8605ada79f32897f171ea56245c56b1783f969553234419bf1a6184,582848,0.04928810488787805,0.38571428571428573,0.4358974358974359
36601938285934354978978653555845531398920857533527327843287201814771560447446,0xd7c35d3259121f544f2b8f1afc83fca2b0d8ed4d7183428c879aed8c13e5d4fe,607256,-0.07439019204668877,0.3333333333333333,0.4
36895654347107952326119192861841537036740812648581459084869446327597277865319,0x26c7ad0590ee4ae2d39e94da26162aa0836170a9fe23251117e236cb047d60de,569644,0.05344271723764138,0.0,0.25
37300394353182514212623791255497006131248193294789494520241393976699900622873,0xa7c0d1d0b7d0216d52e1bb91b6aa4e3bd81aaf6436b15e8e63d1512ec6edf86c,551679,-0.3999506590091052,0.2857142857142857,0.375
37389165488867826858257199106763380230535096530608947057789455705617292186405,0x99fb1fb1f52cd16d28510100af51c1a0a2384e9b1a873af3f94f796a308cdcfc,545174,-0.7741473033786727,0.5,1.0
37447024462096437203059131017515742230703610051200027224878678697811156282099,0x9647666495d0ca2958f0dc29fdf10eeecc65844158b4b204dad39e377d7d4a5f,579000,-0.11299306652038707,0.06451612903225806,0.14285714285714285
37786777260632213001495671195222841251810659000522961781168155523582716403376,0xeb059ce8cd5b06abd5c0a957074be68b7fbc6ac8b1ec09185a5e14438ed728e5,509400,-0.05226365402577426,0.050595238095238096,0.21212121212121213
37982554755352856951006316075155515175052960128434531286208076918567177679215,0x7f9826d55a8a28d1db33d3a67c6992fb17bd5a838d6ae808c1843cd80183c4c1,568744,-0.014471335937877207,0.6,0.16666666666666666
3817569036811443587999142700986803238277663531210411145728492347346115270054,0x003561a5a609452fd4b66896590dbdb041d1f8601eccab291d33d605236a19c1,618222,0.559698732489732,0.5,0.0
3831850906347579867727438131717382658733977544337884019659813432733648300644,0x1a6d5b39085a70677409a843daa9a2048f693f1cc3ded01f2e4ac432bc041823,547474,-0.08448656285581124,0.1111111111111111,0.0
38401613446850289819474997340343221529724147701267148362596735311287832260575,0xa160fe936d77e2014bf90d471192900a75809b751caaff401af01797af5e6751,557852,-0.15745164779622878,0.11875,0.39080459770114945
38405134190847906385411381598669129720137641954019562481830276637466843777031,0x8364f942effbabe18d49eb0ff4d1c1d40a3e08d264ed6dbbd0582f07977eef39,611309,0.07721386509659353,0.4,0.2857142857142857
38469109059308292633589938629018116018161272759374217952407406907847827776121,0x038695e78dfc83dfbf380d9505ca61d1311d51ed72d4e7afa22edef01b0c8690,518311,0.1857545797774943,0.3333333333333333,0.2
388141969593635896245940873008507357349382706618668335917693603836580941873,0x80caa4e4823cf91caf55d0181e54b0d76b0efaa8e2530abf38051faaf4a0f001,573191,-0.0706482462036688,0.2857142857142857,0.0
39335023606638616792313493675589222747796112198981138604676504102162540616080,0x813917fd5678498d2c73106d5c625b8f13fea87d675699a5de65ab7c2accfa2c,550430,0.4183165225477331,0.25,0.5
39338924092799808887012156183674023010660563406819286529450346775474426600315,0xb51b1b1dfb0a64b50d19111fdfacd63769a255d5a3dcca9f3c533fc51ff14e66,528538,-0.2605269390341655,0.2,0.8
39379429094144678854822052264361896331892910527787864020914491810285605745746,0x71e053ed1f6183d037ce9bf8cb09f15e3a62396d28306700e3a003009bc5ff69,596720,0.05219311173894158,0.0,0.2222222222222222
39544906115507143167843634956926279786433549872951451944834489243115711602498,0xf8a6f521344f1ce62339101567fa807465307a1800b8173297566e671bad8523,536472,0.15488472470319087,0.5238095238095238,0.125
39726709137031831707591124571521473539858812987219458164521592049771069191328,0x0e16c4ee56cd1d8a1db397009dd5543696d3ec6008fee7a1e5b57d19c2b512a1,572745,0.046064551831729174,0.017543859649122806,0.13636363636363635
40781451260992809113466860639725191869608225752737071444903217053872956951185,0x5626a8fdffcd2db7c93fc3039f0e21a4b641e222fe19e91457a9ec5d2c348454,560836,0.502377920602032,0.16666666666666666,0.0
40910742100239145256393372856467323457717477915772990012773761080604236916126,0xdbd392ceb397a83a7c5de4cca4a5edf6238048aed01ee35cebc4c62c9cd2e064,624981,-0.26269579966078016,0.23529411764705882,0.26666666666666666
40980940960217974901249077346403222754658557999124553131582640181378015201840,0x4926bfaeefa6995400d251db43bfb5ad5969b5c08a32e6ec2d391a48d26f5759,539913,0.04956516837517214,0.23809523809523808,0.25
41800600465843245689678309203935817026719047226155511484692992698938509665225,0x6a5d2b952a969bf376c2b352e03cce1dbc38d84be3c40d7ad5060d94004f9ca8,561711,0.028541368639238004,0.0,0.16666666666666666
41880319700316943438067692521087369887536276069736265327412547373536302192762,0xbde69dde6e3751fa4e2da44473c3e79a9407392449b7cb81aaecc19dd1191a90,551915,-0.061320451523377534,0.0,0.3333333333333333
41976589082743332913324155754084605795621800211757546455772477149645165940414,0x4155bbf0b5b9823c1d43fc9ec45b9158bb9d15cd921fa71bfabe4aab4dea22ea,517153,-0.19273898999384406,0.2894736842105263,0.47368421052631576
42323714954572328707482317641625597700710364820336085206293887135137818713640,0xc312615ee72a15e6b7d3e5db4c01fab5ad57103f1db814a38890eb5aed331f8d,525622,-0.13665955654511572,0.3125,0.5633802816901409
42476050727981546288935724915702145470994795823083835236141505032271490031606,0x3d7cc111513e8eea162c5d2a1d0320b0130a1ea83ba4ce8f5dfd6e16049cd0eb,569299,-0.15785912843865693,0.06944444444444445,0.3125
42725919784350346670861295339762336131254786292978159077746185762527835523193,0x77a8d93b968e801adc08e20eb51e24e6e1bce86b6b04e0ce5fe371813b019ab7,556613,0.11612983160455222,0.3333333333333333,0.5
43043077526961041556484397289571530189641175353664149798297713346840925827824,0x29b202410dc523b300b7a356847d52b5eb543ef428e43946f356dd59b8d58281,562684,0.10462575572438877,0.375,0.75
43210383802338164086420070915982144554166789187907285574571630732346552049748,0x00e3198bb33382543e0161a09a25fe98baf1ff1f900d06f69ef9dbb471b640d6,587303,-0.6274019053770384,0.3333333333333333,0.1111111111111111
43551582959964832791134096497398228152738151236136298432865743236675954458385,0x57a971146ef0b70409c706bf6f8b527caa1b04c25ec3f649ac7366e1d30d2633,507677,-0.16354621009550097,0.1187648456057007,0.43661971830985913
43840011383535981734527047532827046172745715231214112546732335760536874161227,0xa4ca99e95f4f4476dec83cefd60d962fae69eb69ac5a0ef3a487dba186dcfcff,624574,0.15851924805433026,0.0,0.4
4430117128749303330311083951639100302201283798763581960045239289206421430021,0x90b6f05cd675fa874eb7b272c83794d41fd93f3c85a1842fa78dc03e903f66be,571193,-0.13639656746188322,0.03557312252964427,0.05263157894736842
44802158403409757703357866523823384319055351897529362010191035714608091595717,0x900df5c1b5aefa66001aec72a2b86ecd8a7129b331b17ad51f959f2dd667446b,548459,-0.7229694327674948,0.5,1.0
45201706659461556992351384440566629356201476086404658474445658818895290602634,0x01f6fec028fc2d1e483f0013d4d94a9554972e40727164acfaf9d57c63a7f135,596093,-0.5988972159802776,0.0,0.09090909090909091
45444486606966626387583277898069225246222742742865534230890344230508964491686,0x66093d0a5b4eb4a1a6e03170b2acb04003e2b335fc30a7687144208b4919519e,573442,-0.03462415758518662,0.5,0.2857142857142857
4597169797317084862349120825009191286596299748214987624297297321423753269997,0x6e9fda006161184b29a2df3754b5b9c3757f8a2adc1f44291fe9907f8fc6ae97,517015,0.059745885086488704,0.1111111111111111,0.2781456953642384
46149948263623381465008838905624099263168038805681750149059602592227344617905,0x71fc9c04260d048a260d0fc78e78aa28fc2855ccd4648276a157e6fb8da2c171,550580,-0.11001426764936706,0.14285714285714285,0.3333333333333333
46211769122513729244602558513001215391004042100934296321661285791281233261657,0xf2e51acfbb6d0414dc2ace81b7dc2af7c165e443dcb91f6caa7aab6d6ab4f06d,559684,0.01673986677181552,0.06775067750677506,0.047619047619047616
465118928245905636722257123058847017040870620175605275524087620982248445388,0xa6093c8b22ec177bb43c057b9fb54198f0d9a9baa30fab8e683ae0a0aae2d0f0,549786,-0.1435772609229571,0.16666666666666666,0.42857142857142855
46686000871843782725948068868198726136055958119509446854771567291169837985389,0x3095f298fe596353fabda0ac18618928067ebdda7f485d85ed93cb6d12006add,528800,-0.6468200968922628,0.1111111111111111,0.4375
47010260835672722447733580940176246705117208699245174615603696798824818195953,0x6cf574edab3a63a0bbff81f29e4be7ce60a67b14a2fac859a38e8102e394189f,581736,-0.23894732731430574,0.1111111111111111,0.35
47193344719560503143080810645434710967443538795321042761695601607154910550261,0xba54ec35b887fdfbe0f7df85f72f1f8dfa543cd624c7f52009656a59291e575f,610659,0.4843114069546736,0.05555555555555555,0.0
47317696478153678901677392273303909384999774186057601205600968425920525772354,0x9ae73e7303a3f4c73da1c958ddb301f9b5b8c980f9f0a4175d8eb4c2d17e35da,571073,0.39661454861460504,0.5,0.2
47630798191924516818513029672681652027972959997680157751751625393018166866454,0xa6658afc37e5479fdf54f6a43c2fce50c9acc72aae9762e23f9d871912ac8a15,540166,-0.22279843574553762,0.5609756097560976,0.7142857142857143
48335248529840153659176678815136318734690089692542855672132315089906261137923,0xf2c79dad2029392575dad968e660967434a0c1288c38673e06d6196706dd96ea,518592,0.1680243819736448,0.1625,0.25806451612903225
48478842431397713783542307285176866680510695828362589487641742360349880697403,0x00086d72c4a9945a7c5aa100907f1e128b490e4fcb2b89ed00e954845e9757e3,560416,0.06939347229301054,0.42857142857142855,0.6666666666666666
49188600565424798319586258855640933612744144687898106193154791660976472269759,0x8991122a1e6fb65a0b95cb38d98cddc0cfc0bc64cf74a467558cc65ebc93fe03,625139,-0.09824740926282008,0.13636363636363635,0.2857142857142857
49651620308725645547921214759615267578395271042567261023360622296558746926186,0xaecfe6b8b0599fbad1260fe15aaa96af5e9a590a7f95d31b927d59e0afc9bfff,527517,-0.6161663873899261,0.0,0.5
50582769922258152478425629053201037927012811236437612347331386382971722655987,0x55961e4a75078569aabeba2b99b9dee68651244b59ce7c66ab85dd7423d6fcdb,564757,-0.2866697032435784,0.0,0.25
51078647746615759689236751735949435917815354454915252604231192154364066798687,0x61b3fe33b8ff054e6175d0e9a1ef3d3c687ec2b1823a134540ce4b362e241e36,521501,-0.40519028573303134,0.1414141414141414,0.375
52082213286372370977142390989463830518282286322945922885917758876407703405398,0xc2376d3f4d84ee4694fb2b3330a3033fb5e834cfa5bba7ab605a90ba0f1c6a22,626312,-0.14256473505127387,0.5714285714285714,0.0
52298204543172992892392205464326061472753733205116866854452694653755577476799,0x1826ba5977fa99815ce65b8a557e214f0f6fcb61d8b3afa11681f56ba04e1933,566542,-0.07392713853491047,0.022099447513812154,0.09523809523809523
5260223255126464432064837676951716157990946101819705400496910150705454021876,0x7d5286a1cc011567561c4730862e673813504e541176049b9608487ec0c2be7a,618039,0.18230203174888596,0.2727272727272727,0.4
52809960657141326578493854136593805639096950308845983367668191759875876386214,0x99f8e35bc9c879895d9ed9f34b2ac6d3eacfbcdb7f2905a90ade12394383c714,521469,0.036536615738398996,0.2786885245901639,0.5178571428571429
52923202759815951847640573612734000163873181185726880209649475883585355224578,0x4b774c74e8672a632d6c12d04620f0c19a3ea10e74871a0239c9392805b70a90,525853,-0.27521672601661834,0.35555555555555557,0.4864864864864865
52966854583050241841563802597287557063172002042089904151014136057699421138603,0x3376277f95016b046ccc398942605382ebce0673ca2934c0732f61ace19ccd06,512832,-0.06547938218101029,0.20930232558139536,0.32432432432432434
53180078217073660266501901357492556839502900593174029492239702517274976529494,0x7640f37287d1df25b2c39a5d1563caab2e18acaabbccb05ee1da87b28649cf38,605566,-0.6290790344403469,0.2,0.2857142857142857
53183166790297300909153181064817511920682392480824663950931070667654635150227,0x521764f1594dc6cf7ea97e05925506301c9eb79a1603f187db05e10d8d98398a,619280,0.3811283295828074,0.6666666666666666,0.3333333333333333
5339302639488186206423482663378985926379574222367204383163355334647101043020,0xc28811e6b4fdc85b78735ec15fe7b89d1cf4aec166451b53e8a60a28dbc32ebe,580893,-0.12038767743064265,0.22,0.4
54170003677234121576535157581527056852615059558105744327704586538071625312428,0xe11889f5ee77bc1ee286a97a83945cb12f30ef0d22c8d7cae654764d7db3fc7a,561161,-0.655807551792286,0.3333333333333333,0.2
54910373746795316885563411983276557685823587576132493078442245167692117718720,0x9d98dacc9621503dce2382ab9eefbdbebea43a20af9b8e90c1112e649ee39cb6,531360,-0.16397196222691998,0.1412037037037037,0.2283464566929134
5507003885412833373660199538438133234407370972724001904207099442095693111378,0x25ab96b7e8d4656779c1644aac46607efc992f85b31f634c9ec85276861c76b2,611341,-0.02588594992208768,0.5714285714285714,0.6
55312491563648887745563426572937498247457500732248784180242606393204219945397,0x04417863769be87e99d8423aebe01492bb600d6f83218cba8cbb466ead701974,535038,0.5442208421738713,0.022727272727272728,0.2
5531543680162173258227821300528504826554008359276090958426200271033644260627,0x3f61549a496c4c51c9a4661bb73c806848e3f4b4d204e81fbb8691a8c16d80d2,566732,-0.40895844480067456,0.12152777777777778,0.2826086956521739
55538166676212869272428583995923049714775567804633480832796767905559743511617,0x7ef7d6cbd78a7be550080eb49c02ad5668c4443a11cd8aeafa282d631ed141af,520080,-0.034684028729111915,0.16666666666666666,0.3
55637484360760473451700470231821171025859725565749250485895206688099806745467,0xdd608d781b1e9a614a94d084b8cfa6f7999b7d25b49f72664ea6ec18aa25609c,530291,-0.29414072601828745,0.25,0.5
55646857661101414185895868270484735308265524878160019913167868460915119945202,0x9fe87b4bec41ca0b2e5f09b79e59f9aba6a88feab636db30b70fa103c1b54e5a,561370,-0.13946705526064757,0.25984251968503935,0.4491017964071856
55852317867639027204729605135754482257574569558915465071137589696874345692318,0x986696e130923e1a464dc891f03e855d27f1d2af7fc6b041ca4ec2fa8caa134b,526543,-0.015775285979536226,0.125,0.25
56248842086808205310276796224619603743527740838443222866716923808719519878017,0x32bf36835891cc8a262da936a8fb0c76e90b2a92c10a3bc67bab65049c41a3a0,626220,-0.5498090819294257,0.5714285714285714,0.8
56253520146597023546447115406893413540756756802776166168056951131425994555694,0xda79cb943802640fba8a3cf7a76e039e41abab310120e061332b4d937980e84c,512696,-0.2861245356243481,0.25,0.3333333333333333
56424229427653395028107977262490142903272948130618465830840132754895384214578,0xdbdbc1320567b0149ff7e6265e18d7864b7b48ec4a8b5f091a4b33a383b512fd,561750,0.21449921643400158,0.0,0.25
56424575595808804650837100719835288743647056323052133811098513414213259271073,0x09dbe887c7a2e5edda75f70294cb3f097eb39963153a33b8b061ae1c1791160c,569391,-0.4428262128392566,0.3333333333333333,0.5
57579576028532911954666940251041611742032623764462509111730085124509956613210,0x949c9ec867ff713ee52ab749498e761b737139dbcf3cee2fce4fb97fcddc8332,580089,-0.2420664695906267,0.17857142857142858,0.44660194174757284
57796629455856437966557232612908379598572257902503400715881251789158100426540,0x238f92ebe6ff56780524f967556e5048eb1abf14d7b28aae1d9da028fe3d7dee,541699,0.6684861538084436,0.43478260869565216,0.3333333333333333
57918020530474431939093467064794626708360928420450493463885424552759652452226,0x9842ca2f0c67f1bff9e30b0f3cf577cfde72a2dbbc1f20faa8f42208b27e6fb3,563078,-0.16663899693059403,0.2330508474576271,0.3904761904761905
58224265268929122470391078855875153541594230955069343009192484201089461299647,0xf406093b84ccfa6917df9a62fb7ae9cd66cfbb86557284e9783f26ff62ee8665,569751,0.024291281089172872,0.42857142857142855,0.3333333333333333
58358125303323566169942655810381997291439642781703667209740933020368191024424,0x82c84b24b445a3b1390c0687778f03d26720038e4d43ff41a24808d2b5f8c809,517403,-0.2801804103051201,0.2857142857142857,0.6666666666666666
58392556628921329110573149686999773749798130154282586936297863970331367326677,0xc9580a4b04530cf288dd67e4bdde451291d7eb28875f3edc7b89dbd9e7151f47,525241,0.535329420377645,0.14285714285714285,0.8
58895289311277398683690995082052704478786764806926769475763839157262203161707,0xbc7ebe500d4fa7a0d2581a51aa56c67fdb9b89b2ee0ce0d8a8213efb32da863a,517624,-0.6751119555144899,0.0,0.5
59030527794197572053224933807344608418875843238719272903044671399355622085536,0x565a925916b2d230369dc8c0e6d96d5ef17e74fd2503479d660e358910b94d0e,521079,-0.03194753717180895,0.1,0.2222222222222222
59037009330094155190591353054551496809067118141027654873418031148048687013053,0xcfb94551b9b576f467521e9456a2cfa1c0ff0cb3d24825d3dc1702f6d663057e,601964,0.02112760822038191,0.1827956989247312,0.3968253968253968
59171697284065592850609619815732365384526021117391520772645188391377684220135,0x1cdc89dac62fb2f1bcbe785f86ec207071455bfc58b28a2e100f3e5f94e7ac03,523412,-0.17701264606637368,0.18232044198895028,0.45652173913043476
59400487675567716777808407420875996377887577569309116335855842175071644026456,0xfa3a1bceed8f7714c4a186da402b90d4f42332aef6f70fad7a9a586fa8be7f4d,520921,0.034897448333237054,0.3333333333333333,0.0
59492056917607922663875208233745597521927810029895642922683933664290420352207,0x12410fc8e91d0be382287f21b916299808fa5ebb3e9a19ad3d1f6245db641cfa,538719,-0.2593338367259517,0.29411764705882354,0.3333333333333333
59738713950085852105539751175948002251506607777166252431562313912148579808773,0xec7e854b17adfc84bb123d0da30e78a3fedd0d5a882b8b2d78064ffeb3611b57,554684,0.6056793902990857,0.0,0.1
59930777532225021027114176058979188100626577254375013487867438924482626907683,0xca7ab404baeffc769fc89e2c975b09c4753f3230222334e202e30c26ecd7c133,518314,-0.33369513521257105,0.14285714285714285,0.4
60350277290616826599906029105344198145315688156146506742643019289676692317476,0xb71ee008203a7dd14e5f7cd77a98fc99208b148d654971568f950cc29f0bc969,522873,0.3244618106753172,0.5,0.5714285714285714
60364042898622788897176748607295322344114498768702872914721916744108757981840,0x4e1ecbc6c220b389165fe634b1ac3ebe13b0470cd4f1afc76e8c91c16e1d19e2,567752,0.32901291958246176,0.0,0.0
6101860840192589600270442243821379175729912896915768068767108768582220941579,0x4f1d3bb392d2966a70afc56df3e98fb07ec054fb01d61ae318256cadad2526bd,539131,-0.30666666666666664,0.0,0.5
6104975049508380947710168887475675225553386635833658126330403514728376975900,0x6f915e9636599f0f4c4ff0f4421f6f30e944679b9bdc443cfed2447006653c05,541884,-0.1423800244468505,0.1111111111111111,0.5
61535072775070473586293901897516310670214816749232272368644984654569741583,0xa8a2b8b37564fd45b7c05052bcb389451f96dd34d2e298dbb608949a43a14801,543147,-0.0054702061777873665,0.5714285714285714,0.5
62151910183669174001624726395576192560511861584965573645460921373969076244559,0xabea205e1e2e18bafae5ee1c47d97ee180f87ee087c99692ff90ac96e315d075,589504,0.2820965363165191,0.5,0.5
62185378784587467642214756780905412663076815672796774932276744096185568084752,0x877d248d24c1de9a1548514fd69535736b3045cd0df9cb8d33073e92fea491fd,516311,0.0723485809405361,0.16666666666666666,0.5
62502543668037564586462227054781706003483050711735710972989566311115207928555,0x96e18e72e20b3d199e95165aa017f1e9809ab18a7ed9bfba2d14f4129ad4b5a3,579459,-0.04764871736636849,0.4,0.2857142857142857
62794807021420970996171109875430616716802596845024653991379539194422046006846,0x24f59087b2394b7914664bd25c3938fffe5e2140dac09c76b26cf8f61a8799c7,551551,-0.9767899612675865,0.16666666666666666,1.0
62850336588387191532124214682700004738355477197339988958750716753816644028404,0x2b997a36c06deb7112ee75acb316d7d7c3b08de99549c883e38a3442daeda39b,510320,0.07354680414913013,0.3088235294117647,0.4225352112676056
63003863318011599648725741368448383107790502178647557487068631654233422587316,0xbb8b257d0614f1f811f6e00e05af701822a604f2f641db56a8ea0b74ce7eeec0,592769,0.2640614792321442,0.625,0.25
63105375199356205079852047988659557306153300938106459260834644197377345250122,0x74ab26420f9bc44fc7a39f238a18a22ae3ba08ea4810bfe53af309d91e1870ba,613401,-0.5413387615441763,0.42857142857142855,0.6
63286270077235802826667327124954792157781436661004705257926329561340276142734,0x056f6bae8fb1184be640b513cf791ae514427ed43a7ffaf2f8a19944a0a75262,609829,0.20956920577781768,0.0,0.5
64091110115069770046722719459990603816990388170165921018779675238806466798289,0xcf1e3c2ce654b2d96a7600dc58a6e26eec8d389518dfa255febafc43e17aac57,538207,-0.08494276346163415,0.3,0.0
64141828030733397500979312569733687354448892802870490274708653769985681827039,0x488bfc4c30005c11e46cac68f9b0535327589620a0f430bcb46de1f2e921e27a,593987,-0.3761357572298863,0.255,0.4945054945054945
65249034006501951663849567835472893538633110081468182055731817335667145753988,0x4851038e86636794071aab894462f3b151a0bd630754c7ffe6e9bbdb43ff156b,506929,-0.17980254916434615,0.2727272727272727,0.18181818181818182
66402733236034083021697445054314079683761018843635438596506344388953353050901,0x92688c9e9981248edecd6a22dd3c4dcf0e9aa392f75de5674690219878ad5216,567159,-0.25605965469610975,0.2857142857142857,0.25
66600495373248586598580752674269508971007500077134040888137841747505796415022,0x093f1476288e2a3fbe533c53a1f25c68ca1a89e905d7eb1baaa4da6ac2b9f033,550601,-0.06236675582249694,0.0,0.0
66601133384655921185971389539343544258502433333306339083365429674380463400831,0x5bb8e8dc4ce3ff973263546060599b5139fb844a52776541e8f3b48cb1dfd064,521396,-0.1214388538678586,0.5,1.0
66922287807244855742334535546563560989962360944844485008603970047838770214394,0x25ffd06145cbd8651866b8ca3c54a5531ea05df32fd81726fa8746450c611dc4,544877,-0.4090446603714255,0.1258741258741259,0.16666666666666666
66981362353017922747201141837780129139087811142214419859213719122263875408835,0x1d2f03410fc11b88d32dfd6e489243711e2285f237aba02e956057bf5a459925,527705,-0.20443352341325957,0.07647058823529412,0.29411764705882354
6728652727115051511874114440291992453938592351822882810356563665947209666980,0x37f2359162db57e6970a27d31261f36e4437b84e69f0724fdc05e45f06028dc8,624450,-0.24450645055556028,0.16666666666666666,0.3333333333333333
67860776560620010378923442120540783745636433564779227662410563333584716529664,0x4c3eaefc1673f0d3206f308045c38410d7f7954588717a2806061e4f9c723faf,571227,-0.14036333290139402,0.027131782945736434,0.2727272727272727
68443210388889775600870810468718523675488953566535060213790499748360785814949,0x1bc8ddb2e57561c88a659f95b2ef196dd0b8ee199a8d944f4651efdad0f5a8c3,574361,0.0,0.5,0.5
68456745893076587002343610883323126043523033927618259298310762247106098994145,0xbb440820d2d403dbda6ad7bbb30a1e5a85e42965caa6ed816b8837c35457fdf1,572920,-0.31034178235295196,0.25,0.6666666666666666
69639329173339336985210945278015128035743130015353430211486470632810546885685,0x834b371fe993e95cd1aa98a29e77794d5ff6dcaddf71115a6ad522b4b64ec165,520607,-0.25108379254777713,0.28,0.3888888888888889
69913064930870682680855586079875554509082457756027467559845342686795417973592,0xac994470251def22c21f59cbf56903571f0fbe79a85de424d0e8c335eb341110,541295,-0.1884441135155742,0.4,0.5
70289576637441044368247509934587656969828860212169839306451272994158169950901,0xeeae3ae45fbdad96a16e1f05ae799afb4ca82bfa72d24afbfa555037e0c8c593,526946,-0.0032281515963612202,0.2,1.0
70714499601104516965444041603814590361950199566797346128159387613630144462870,0x42b7f9185fca6cc94710704f0aa20ba8ceafbeaba542be78436163820a9e4757,508932,0.12648266415609807,0.4,0.5714285714285714
70747397253042661359129880628850468274261396311649985281507648553175925752521,0xe9e44d7010412dfff5b285489d5e29a9140d5b4e78aeedac2f9d63f2b05d20c1,589503,0.11968444703888075,0.4,0.42857142857142855
71569175780566429161682624182035480800828386116993453188021066130841232053230,0x2856f77b5d917f36d080c440ba8dcf27cd73ed8619bf9aa1f360245aa4a443c4,611335,0.8314214743686162,0.5,0.16666666666666666
71655313294625146555774188804746156643368439343878018997831979141327980298073,0x85684fbc7dc734965dee45b957a8f8fe52a2fa3a150a6075205359828a2c0fb9,523860,-0.31186664050255225,0.0,0.5
72214121429609575828313946602626141716843741746316612360015424446654328578963,0xa140f5df2dcd4edd9b2d9bbfb8f986fc9ba899cf238d79f90dcab4ae4e245cf5,560152,0.4176194037684224,0.6,0.14285714285714285
72669999408585496873432049273866671413892069743311046286595046593039109670901,0x55065c7db114d51f7b22109bd1552347e58b301709b748b4680e6d328850e6c3,546714,-0.10613849629294515,0.4,0.4
7285526690663875886505923695735435750744444333548649393465982475093793741445,0xbd48d2294d7e43b8aaf00c8eca86642d2564cf18d1555531caf923beacf1903e,599406,0.19478678377929165,0.21428571428571427,0.5
72900311917270439112374972338973704815643229175682968969140530842591090299218,0x7047980158aff6bd520c7ce54fa56ac3d8bdb75e83bb1b3c38c538ce0c120e9a,522844,-0.9099024278191132,0.0,0.5
73011059187166137733275983046150182784910493074367934212798853099948144842604,0x6a9f415ad545be1c9cf415435342c14da265aeeacef95493796e7c52f15559a6,577291,-0.4245965951553582,0.12916666666666668,0.35353535353535354
73366440012879531223246603152480031797416514277527452352556186536457312186175,0x63100d5e88f20446a4ad6acae211ca90c1fd5e2a780968b1c982238689c93805,540248,0.14203618752768796,0.09792284866468842,0.2191780821917808
73414843034097102357403953891342167238723462804062686524563327253967032604991,0x2c63a419c0888e66036073758180fb86002ec66a1e1917f2b9f2c7cb59b93097,575623,-5.1978420675602894e-18,0.3333333333333333,0.0
73822985247258541920684102521432969751356550531784206513326927359151245668742,0x357b7ca82e9d8b75557b32b207288377ba99897c3f6d12222824a78260f2c50f,505971,-0.5011772960077266,0.1419753086419753,0.275
73840335274913791397352461712574567862508026840843710117939855896419501042998,0x645cbc764b4ea3d40450f6674afaec8fd9877626923339e16ed3f53b12c1826d,510922,0.39773900006207447,0.6,1.0
74029562531707841036396753212035115122841759412834260428874504301133616754210,0x49f499633083013d76d634cd71dc90e54db7d6443a811bf368bfc39c26149cb0,601604,0.22918805478015747,0.0,0.0
74064616773467889046114841809421657447103716266532987951048617986475178976919,0x3ecf9f1e48968669440028cd0a33d77882731989505546e0870fbb257eda6679,617608,-0.6901408450704226,0.2,0.6666666666666666
7412102819763236676469080619852541414360731883580727346402886433116793552639,0xa4fc483ba1b023849bf46db36254563cc7f7eaf9780e13a58184fea5eb5aa157,598417,0.10418732485229132,0.1111111111111111,0.2857142857142857
74218983834412361720019162439284527329959323090153487443279328862177560273314,0x7a30f91a7088722da38032724d124a25143a8d0d961a6a27ccb740d7ffce6001,588965,0.47691100637565703,0.8888888888888888,0.3333333333333333
74613028027513134128955311548776374441793397100774125435275515858595795089143,0x547ef94db08a64532c8e8a57a90a5e680ee775e9e9c790ac092cad123a051ad6,556074,-0.1772619381980458,0.4134078212290503,0.5901639344262295
74632965894052123439882261730325447978828498465734684142558481362547328952653,0x23ad831481a3694c8ab0d28b960060cb93ee9c3e491a68be22b90c5d27c3bc0a,573320,-0.46493377607594366,0.16666666666666666,0.3333333333333333
76444860302760235197481096698071083366790090381037050414436260192763207796321,0x90067275fc465aa256a334cfbb26cff984270d992adec51e06452fbf7151a0c3,514703,-0.15051608014288972,0.3150684931506849,0.5333333333333333
766105192300961706756919067152631579915248865226200033886886929097367383903,0xb84c491015b8b157eee733b0d166b0898919ff0bc3444db049443799483a2e36,566741,0.6609468603720504,0.013550135501355014,0.07142857142857142
7728792291260780992036637916552277130749374376597340709229500437633138838689,0x39bcda5ab563e2b4e306224015e6bfa43e52b47615074d569ee45c5259b3bfbd,504726,0.5152666955698775,0.18518518518518517,0.16666666666666666
7729513121972125646505809413892845770047861035723153426957880806644422250912,0x8ad12e591e79d0d1d7fb2f825033a395ae6fcb7e31efa1c2836572e86f5ab772,621284,-0.08190944550210429,0.3,0.5
77380337685231459874015825917508566466952807099764473834020221837477946610328,0xe343efa5cf221c308f3cd29d78a2f84a97ac8a6af7507b7c022631a4ea1b470a,566109,-0.31499906400228556,0.23076923076923078,0.3333333333333333
77717740841200004391728361183612108107157206876947663052948218438155637037468,0xa12589614020570265e6842001b47338a5fd37f8f3e3960e5f433c7eb263ebbc,539887,0.32307808092511475,0.10526315789473684,0.16666666666666666
77727908552696131698723195921966121706696584351293158240920673181860307569346,0x5ad83ce5450fac9428e91938a0dfdf750efd632ff87acbf0cbdaff530c322667,564974,0.0,0.5,0.5
77735990470553784864601673005388357696050402443557960910630175754039441466311,0x518f33b6e610d5bc84969ab502478f9df4540a9cfde0d9dc49b8ea5abd783d34,528211,-0.5,0.14285714285714285,0.0
7823518850771241648487893802662968971925963386208499009472226625784067348792,0xb36e8b86cfb5bd0ff8bc6f7d849f48c085ec24600c436d05606ffdeca606c70f,624254,-0.09513630392104064,0.3,0.3333333333333333
78829553729559995097630426058329951931447402412206679296631009398908762347251,0x3edc5c75b3b0d978db4bcccc24278b3a985347ef3e4f8f1c765c287e321f957a,522948,-0.14167452337798306,0.0,0.5
79559137551065772846693272389031940641626781336833546798450946097060926324336,0x35f945d6c73ab1bed0354ce5d53f9eb6c32cef4654177201469531ec33bdf275,595633,0.4665108685346817,0.2857142857142857,0.3333333333333333
79592023774453370822255265349725707065462507426497310029645035461938152590853,0x991ef45255884cbad235e570493087c2fc06fedfe0302976cab660bdfa7adc81,617698,-0.0371041094627589,0.16666666666666666,0.0
79967605656720975740164451977457052344701625721649042518615408819053997211208,0xd94ec25b757156b88bbef3b24ef3475e55de2ea4d705c4ff4489f67b7d62f1c2,625229,-0.36285230701302496,0.35,0.5714285714285714
8068224814554540438878048752492562091284744204380091879028789889702206094159,0x358a4c706ce29a1847d26244857c6272e5359a17aad079f5672c8fb40d50d66c,569363,-0.09829983442307828,0.1828358208955224,0.415929203539823
80727447589479379777715997627807911068895903950473983165259818586332971912737,0xc7a8f46f54ffd9b857eeb6615d2983af9614c8d5394fcca55d66b1579aed5b2b,611287,-0.4783521500631246,0.4444444444444444,1.0
81051758833697100599440634451611890443123826161676247174371837494644897694018,0xecb07d32e2f469ee50745638d6c7a68e06f9b10f7bc3f399f59ed0823ebd2175,505168,-0.6764613764265149,0.0,0.3333333333333333
81065201431245571985562174366251893912330737030121779936638898360599208313205,0x09afa4596c438e097f22d8ae79f83d13b689b320d811a942e783e1136262f802,610394,0.5027220687083058,0.0,0.2
8126407764784535667660338911413710706416402361210193048593719608424471310446,0x2f572e07a10c8174e56bf09064a034ee5a441f3fba3750a9deb40c01c9a636a6,512771,-0.012660031110798664,0.1111111111111111,0.0
81829197947100858482832240822941463326729348640923400557449582157657276746671,0x41cd37d82886621bb319193ce2992ff37335cea19642aa8d69f179805c3ed911,554828,-0.47175688822565826,0.4,0.0
8255669276272511109462570473599034216961901762801728815649058473092273697706,0xd2622768863c294dbaa4813994b8c2a7401f2547c56318a8ad0d6f01bf7e914b,551715,-0.3642632619984454,0.25,0.6666666666666666
83013452723923812792166573949752426472705721348767488483068463930175892332787,0x0cb75e3446c0c595abdc567fe4d96a420bead35df61c428f0b45ea9f0608c564,558332,-0.2666177835006781,0.2222222222222222,0.375
83196840701360684244990392625793854701654938327588692095036723188054130097304,0x249192f70a704475f701352e27e166b96c53058969c72016732863e97f5f9432,506793,-0.10880934561984433,0.0,0.14285714285714285
83519148342424556699614514735402093377722169255865587784334516925746064919087,0xffb205b09d71b892464d543c8c62a5b01a1cd31d721056db6806525d399db018,515372,-0.26857870448457377,0.0,0.3
83621501001954963211494062334809104281764932637510682113847834786571656633328,0x90fb212b4de4f26a65492ae492e58de97c7aecdaccecd07c7702aba4c7827582,565180,0.23647286424378505,0.0,0.25
84639286165023430653742230930277338032777177024724195765333358399324521652895,0xd0fb49ab440a59ac3d8307e3ece891282cd623d79ab4569ebb770c8c264e303c,575620,0.2754013489000151,0.16666666666666666,0.0
84684064934722982166386663143752648709798649719628417960875178526986457471529,0xf459cd2a31e473150c2955f6d7abeb3ecf4410a3645276a566f4ee2dbe4823a6,549479,0.16865196819912104,0.32142857142857145,0.5
84831437365829626660189697750578733678271000636796886704636643850998430162216,0x49d09c2daf17bd640ae25e0302ad0516eac8fae11c8def1fa924404ed49a7e10,560116,0.0,0.5,0.5
84876478165938288225021440123021122823280461548634910981918089724693152892662,0x135cd8463a642ae4c4350b7233d2d1a96ee395682ffe3d7c1b634de9dd1fa06a,516276,0.2114537444933917,0.16666666666666666,0.25
85043924399919754795060266112221912641018768763636195818194047122873515301331,0xb9b74471f27797f59f7c9f9a35498c56e0e49a986e075fc18669c93b1c3c9826,626243,-0.5095377240678757,0.4,0.2857142857142857
85242721691177773654945349097486297809595634442574761380190773162730022716017,0xb5dae812701a0f9555a7dd02b4e3be4475fdcba5708094fe5c0ee024090d2b00,521008,-0.069895087477477,0.3,0.5555555555555556
862726875134359277760347864856913142098185858377802861696655154152796282981,0x7ad4b0ecdab361d70285bfa08e22531e1614e6d3c4a6f75c15fd1799d4b08e54,572554,-0.43843831346641615,0.12955465587044535,0.2777777777777778
86397302309556878222078705677765370393454071753480990574311697801477333376997,0x256868e81f0f749648d2b99f46a00a5add1d3be3d0a09dfc19db9a9cd544a64b,592965,-0.019682479866777045,0.29559748427672955,0.390625
86480541465530275822189100274738794655080412004373553027423154639542184467199,0xbe8b5c75249636c14845d11b4640079ca31b5465dacbe505a41b36252f5de6c0,512936,0.036207357168057036,0.3793103448275862,0.4117647058823529
86874356830946011802672488335426604593800184981393732362998061225065487748052,0x95299980208abdbeb4b1809e1082cce950c2a84db1fb45bd36c95f6d70a1dac9,546021,-0.2256932293473595,0.8235294117647058,0.5
87151114723777633483510535492721388835034798968478591179793364719998339755774,0xdd9785916a85123520fe8f41cf6f72e7dc23c04f5f4afa6b80551c5f6367802b,524065,-0.3197473467427111,0.46153846153846156,0.43902439024390244
87454183953518785262204719672346047965232029253950393474462429640111064676210,0x7df9d4b20a02de144aa9fa474a16c43ebec26213a757b5b4605038952a0fed87,519786,0.47570557217727133,0.3333333333333333,0.4
87555075348343848214311018869381368173155886574308820995381145976032139411396,0x61b7161840db791d9e0b3b24c65fd8ce5a41b2053a7ffade12d3168a6e470247,617073,0.10775511308507102,0.6,0.5
87939509715983633113439761219242502027686829899754271065017514069431113608246,0x3e462210430c2ca84f8f7ae89deca3bfe08b8eb773fa0ba0474282eac631d098,507991,-0.15780193894451092,0.13432835820895522,0.28846153846153844
87957473070883848342658982429008985670969950116857328686592185415234205408692,0x2329fe5080b1dbe831a0fc8ae58863e4fcb163275a910af26ae8cd2c09638600,547758,0.003658044710677667,0.24817518248175183,0.43636363636363634
88224756850311743252465393597658065147546132854443033004304491671186027837303,0x45c06b197795bb68bb2d4e510df06ee556ef7d5901444569f9e1f198f146fe0e,540601,-0.15878486315429874,0.06711409395973154,0.12195121951219512
88354971902440316653184479788407716939284803399105730643677636422066850923596,0xc450d7512089748aebf9861b982e375d8f8af28c77e14e356f97626c39d0660c,544040,-0.008951825803992286,0.012658227848101266,0.3125
88556481820364044220367819858449922367888313665624709732760131475917607577136,0xe971ec40d42ea2baa849d175a27105cc931d9a38377dfca8d13bd69be029658c,616724,-0.47761562364745785,0.0,0.3333333333333333
88996336957894932270111996844028078359739530835851628283636743209501707426259,0xb0fc3e83ca8d292e0a182a78d838a1417e0c41fcae8e5f50c8d82a77b9d0d24f,519318,0.19035080553013528,0.23809523809523808,0.4
89110596788673536475065853727140488937259064164063660201050220270400840228269,0xb207031da5ef9cbded418e6b5b3c5eee24a3a7b22c6ec10053cbaaa67d793796,564163,-0.07129685144372686,0.2375886524822695,0.4065040650406504
89143062473667112724521958292019577334377780629010303974746733287833850732609,0xdd8f6ee8450f775642b7982bba551d112057a4585468012a0f0e12e42c5c50ed,517710,0.08068708056642662,0.14285714285714285,0.36363636363636365
89180819592312179567354452226305568030422120425974318359373816604228079744548,0xcceacf84e616fdd9bd7fffc339e4deb267c41c7e817c78723e62bd814358eeed,620032,-0.07498677753297725,0.0,0.2222222222222222
89606628139695139128293050350958812396221493979797800140310476744442570753984,0x8a7c65b70b01100135af2f0bc8dc7f011670ce7d86c7f9f4a4777e6759cdc5ad,591701,-0.03407520569517687,0.625,0.75
90593704799866580646821661280153009409446312573631847543256003892212777405048,0xae8a6b3a3b6ab6342aec595fd2e19acb59f2662415d2492d69163b60ac4c2a85,520557,-0.00787581387847085,0.2857142857142857,0.46153846153846156
90600379260927584313028083448881823292077294695440459816327108633684032444287,0x80c16e00125aeb20bac3f181d5042e1c4fccbf63284708e7b9701688cddc60e0,538533,-0.00038917058458546146,0.29411764705882354,0.25
91363015704893492073568830399375035872276923274131092245805554034196213248667,0xce465bdf15fd274b3d6bd5e4c543fb047f5bc09e306d9a70dd9cf3b207f7a547,577163,-0.3568041667699779,0.07664233576642336,0.3230769230769231
91649130532757212677710912985996872833554968114744272226724693644276675995587,0xa7ed87fa51c47ae48dbd0606c4f960b97e9c38af7f1bd215097abc04d4e1727d,594317,-0.11015153961083941,0.375,0.5714285714285714
91854812475429556775841812618969592388655434507652892857141030359593043738528,0x042f69054c7947f9229d888420a4c453756d7b89b3a9bc06f356d70281760de6,517217,-0.2639980852766584,0.14893617021276595,0.5384615384615384
92369277851645587296887900863541381908649122847140217682761585841089057905247,0xab4eea1d2c70427868ae8d5ae98c1d5cd60409e2aa497012d4778b0acd187e1b,540939,-0.20071211037532638,0.21428571428571427,0.2
92835100247008349103853691448017851690854123747802144251801535310746789005981,0x72d20125487e610964c2607401dccfc416cce1aa7c25fd40f30f139975f7cac5,602893,-0.25357837514422676,0.3069306930693069,0.3867924528301887
92930379607706033283721597814402539698709488112846469860903964510902202102183,0xc3e94e2db4052a7e49f9c3edbcc1119664ce565c4062019382f1f511e3c98af0,526068,0.03379248701831005,0.7142857142857143,0.4
929644471408543647059990692132554875475809571180953014196228097792802929582,0x64d7872d2849ac4f3ee6617679672834379d92350d630cc4f1a05748b59130b9,558218,-0.18641998345012475,0.0,0.8
93349782925843717862053243005454481857465012806232122478161978621612855988564,0x8d3f58a98e96f2ebc72f006b9cafd968191035b9b7308d3e2bfd03c9be6c1a7e,559817,0.04303352224949752,0.32432432432432434,0.42105263157894735
9379014995199175636707534144203428322769192503267503067782675207137835675708,0x824ea243d835684e1ec7f34f34b9f71c7d9daba2c685f354071231361d77002d,525644,0.10142469170327728,0.0,0.0
93967577771423497494036160670049910456996329527408067127580568348908994385346,0x3a07b2b0b026a1d5de566924f65a552441578b34303448366c0527e7cb236da9,575843,-0.38882056499502266,0.16666666666666666,0.6
9456724751450577266431612030988978043692609684304225921641895294335540103300,0x9abeab6a20396f1d87f4bd55ff7875edf4ead8c7c75c0af531048a29185aeeff,528175,-0.3373133672894777,0.25,0.5555555555555556
95303964857581515202555313759003092054068943213661102916479297830918404814113,0x40360c009a407288a0b3c52d4b7388ee273a48fff345bd9adbb81d82f30cc178,518150,-0.3074597967719612,0.5,0.375
95561880031936129302331374733686311065412530805878026097033802347549056497730,0xf4e5eaf12b672bd02c4be7eeaa3b7fe6796870b015a164d531b74a0d07b4f27b,520398,-0.09852865742278055,0.3333333333333333,0.0
9559661747067351399903531788359965368498631373398903924979626722875905335256,0xc937c1f81d94cc7baa789eb8f4ebb7e8b19d3b577cc6183a6f533004044d908e,520342,-0.3188989900324347,0.2727272727272727,0.2
96521584308140689080168341196184022858893156077143863355744096541145949689427,0x8f8eca86004bb6a5631c3828d0045df62b6cc6ecee4b649505981eadf7ddc473,545220,-0.3041997388188796,0.5714285714285714,0.6
96709592052639539009820412125928256249547813967583316780754018124146592730376,0xfd67cefaef51232de4c5ece6b272d09f2f964bba493db93dbaabc7955f66540d,593452,-0.140144079890988,0.0,1.0
96942962419258943824136004261620962035711062943964605173010522835154511323213,0x87af4700bc0a71fd07178b4407d5a17070a4486289c416982a5df70a16bba620,536533,0.06549966991136888,0.3333333333333333,0.2222222222222222
97092768422289388406611104086009676025354890857552203437116176779713320660241,0xb97307b3a250857642a19a8794d764c326ab28e756e4c3deec6860dbe015149f,550955,0.18531843623047012,0.38,0.34782608695652173
97500984466485280456166473982380058320169657044602689219152123328237768917459,0xade314d1e3ca2d4883b2f9c03239af12bbf4ffadc752f61e4480691926eeb03b,535929,-0.1892580953355737,0.13953488372093023,0.42857142857142855
97550782791238009776047890443582484417067261367986012766925519060947414256610,0x26c06323b97f17a3da42c51728f02b15b37c51ce3df8d8dd67bdbbaf6ca3fd52,558341,-0.357905420273039,0.5,0.3333333333333333
97713571320365690736855773387854190117066086826281274555998214822372526371097,0xc603030afb05b2c780a2d5fe7ed4c193c7ce712dcff6e189f6398269a9f8e5cd,579536,-0.19763434058875964,0.2857142857142857,0.5
97751266408676628515572229657819273454905063326641014183065964494157007636281,0x66dc31c8bae61b2bf31a7dae377618ebf1669ef58b26707f4cb726f623341623,522145,-0.047725564946456814,0.2927927927927928,0.37606837606837606
98005986917721575828980052835442246250488523025173080767716038556722657561011,0x8c17e231fe93db614c7d1ab56121b0f987a0d69b798f2be9d207678efc3e7ac2,510909,-0.043510872820535035,0.44,0.6666666666666666
98298299211045405201375190710242750530393819251183528302300143715678067329156,0x9dc5646eebe945712b03a8a26beca08af4a9f92dc608cc56dee2a846f1a6d3ba,569398,-0.409938735784539,0.2,0.5
98717876323437235326621674060396914306105713528205420273914602876686039477964,0x65301dcd17d6778787b840a81c365e7566b86df2b87b28ba018ea621412898bf,619315,0.23637774664559855,0.104,0.14285714285714285
99302435322944813052105841164428761175935099146724842887228853211763294863784,0xa8b42e207814d2844997523ba83e708b5bfe19cf5d2203325e4eb3ed459a9ded,553833,-0.14792327101829345,0.1238390092879257,0.35384615384615387
99723677986696353138518489152933394769264565092055689422395772621862840741082,0x2928e0131395b8d8dae7e5cd6b330bcf1adc82e039aed4b2cfe59677a456a8ba,574233,0.20486371860603048,0.5714285714285714,0.4
99907302815665926546163810038463194184434691429884883726393981809674773621082,0x81f399261df78d788c0997fc94917e021a2f66af5d5cd3fffd1d469554c82395,571906,-0.24086684689553775,0.16666666666666666,0.3
